Valor,Tiempo
10,0.001533
100,0.008391
1000,0.232122
2000,1.299899
4000,15.585193
6000,60.131228
8000,145.490799
10,0.001458
100,0.008093
1000,0.239579
2000,1.308299
4000,15.815709
6000,60.181928
8000,145.525778
10,0.001123
100,0.009290
1000,0.252691
2000,1.328051
4000,15.843358
6000,60.225520
8000,141.427851
